,count,mean,std,min,25%,50%,75%,max
physics_grades,5.0,60.6,18.420097719610503,38.0,45.0,65.0,75.0,80.0
chemistry_grades,5.0,62.2,23.20991167583367,43.0,45.0,56.0,67.0,100.0
maths_grades,5.0,70.0,15.811388300841896,50.0,60.0,70.0,80.0,90.0
biology_grades,5.0,30.0,15.811388300841896,10.0,20.0,30.0,40.0,50.0
total_grade,5.0,222.8,20.48658097389606,190.0,221.0,223.0,238.0,242.0
average_grade,5.0,55.7,5.121645243474015,47.5,55.25,55.75,59.5,60.5
